expense type name,expense_type
Advance,ADVANCE
Airfare,AIRFARE
Business Meals,BUSINESS MEAL
Cash Return,CASH-RETURN
Entertainment,ENTERTAINMENT
Lodging Standard,LODGING
Lodging Over Per Diem,LODGING OVER PER DIEM
Lodging Per Diem,LODGING PER DIEM
Lodging Per Diem Allowable,LODGING PER DIEM ALLOW
Materials,MATERIALS
MIE Over Per Diem,MIE OVER PER DIEM
MIE Per Diem,MIE PER DIEM
MIE Per Diem Allowable,MIE PER DIEM ALLOWABLE
Mileage,MILEAGE
ODC (Other Direct Costs),ODC
Other,OTHER
Parking / Tolls,PARKING/TOLLS
Rent,RENT
Rental Car,RENTAL CAR
Rental Car Fuel,RENTAL CAR FUEL
Subcontractor Expenses,SUBCONTRACTOR
Supplies / ODCs,SUPPLIES/ODC
Taxi / Shuttle,TAXI/SHUTTLE
Telephone / Internet,TELEPHONE/INTERNET
Test,TEST
Travel - General,TRAVEL - GENERAL
z_FIXED_ASSET,Z_FIXED_ASSET
