
<project name="IMU-Pre-Process" default="pre-process" basedir=".">

   <!-- This should be modified by the user if pre-processing
        is necessary.  Pre-processing may include kicking off
        an Impromptu report or any other process to automatically
        create your import CSV files. -->
   <target name="pre-process"
           description="Custom processing before running imports">

      <!--
      ***********************************************************************************
       EXAMPLE ONE
       SQLPLUS EXAMPLE (for calling stored procedures)
      ***********************************************************************************
      -->
      <!--
      <echo>Executing Oracle stored procedures to create the input files...</echo>
      <exec executable="cmd"
            dir="C:\dev\oracle\product\10.2.0\client_1\bin\"
            output="${run.log.dir}/${pre-processing.output.log}"
            error="${run.log.dir}/${pre-processing.error.log}"
            outputproperty="sql.out"
            errorproperty="sql.err"
            timeout="${pre-processing.timeout}"
            resultproperty="pre-processing.result">
         <arg value="/c"/>
         <arg value="C:\dev\oracle\product\10.2.0\client_1\bin\sqlplus.exe"/>
         <arg value="user/password@dbsid"/>
         <arg value="@${import.home.dir}/sqlfile.sql"/>
      </exec>

      <echo>Pre-processing return code: ${pre-processing.result}</echo>

      <echo>Searching for Errors...</echo>
      <if><resourcecontains resource="${run.log.dir}/run.log" substring="Timeout: killed the sub-process" casesensitive="true"/>
        <then>
          <fail>The pre-process timed out and was killed after ${pre-processing.timeout} milliseconds</fail>
        </then>
      </if>
      <if><contains string="${sql.out}${sql.err}" substring="ERROR" casesensitive="true"/>
        <then>
          <fail>errors detected in sql process!</fail>
        </then>
        <else>
          <echo>No errors detected.</echo>
        </else>
      </if>
      <echo>Pre-processing return code: ${pre-processing.result}</echo>

      -->
      <!--
      ***********************************************************************************
       END EXAMPLE ONE
      ***********************************************************************************
      -->

      <!--
      ***********************************************************************************
       EXAMPLE TWO
       MS ACCESS EXAMPLE (running an ms access process to create the files)
      ***********************************************************************************
      -->
      <!--
      <exec executable="cmd"
            dir="C:\Program Files\Microsoft Office\OFFICE12\"
            timeout="${pre-processing.timeout}"
            output="${run.log.dir}/${pre-processing.output.log}"
            error="${run.log.dir}/${pre-processing.error.log}"
            resultproperty="pre-processing.result">
         <arg value="/c"/>
         <arg value="MSACCESS.EXE"/>
         <arg value="C:\customers\_unanet\unanet93\access\CP_EXPORT.mdb"/>
         <arg value="/nostartup"/>
         <arg value="/x"/>
         <arg value="MAIN"/>
      </exec>
      <echo>Searching for Errors...</echo>
      <if><resourcecontains resource="${run.log.dir}/run.log" substring="Timeout: killed the sub-process" casesensitive="true"/>
        <then>
          <fail>The pre-process timed out and was killed after ${pre-processing.timeout} milliseconds</fail>
        </then>
      </if>
      <if><contains string="${sql.out}${sql.err}" substring="ERROR" casesensitive="true"/>
        <then>
          <fail>errors detected in sql process!</fail>
        </then>
        <else>
          <echo>No errors detected.</echo>
        </else>
      </if>
      <echo>Pre-processing return code: ${pre-processing.result}</echo>
      -->
      <!--
      ***********************************************************************************
       END OF EXAMPLE TWO
      ***********************************************************************************
      -->

      <!--
      ***********************************************************************************
       MOVE EXAMPLE (<move can be changed to <copy if copy-only functionality is desired)
      ***********************************************************************************
      -->
      <!--
      <echo>Moving the output files to ${run.input.dir}...</echo>
      <move failonerror="false" file="c:/unanet_exports/Person.csv" todir="${run.input.dir}" />
      <move failonerror="false" file="c:/unanet_exports/Organization.csv" todir="${run.input.dir}" />
      <move failonerror="false" file="c:/unanet_exports/Project.csv" todir="${run.input.dir}" />
      <move failonerror="false" file="c:/unanet_exports/Assignments.csv" todir="${run.input.dir}" />
      <echo>Pre-processing return code: ${pre-processing.result}</echo>
      <echo>Move complete</echo>
      -->
      <!--
      ***********************************************************************************
       END OF MOVE EXAMPLE
      ***********************************************************************************
      -->

   </target>
 </project>